tag,patterns,responses
greeting,"['Hello!', 'Good to see you again!', 'Hi there, how can I help?']","Om Namah Shivaya! 🙏 Welcome to Amrita Vishwa Vidyapeetham, guided by our Chancellor AMMA. We're here to help you with information about our programs, campuses, and admissions."
goodbye,"['cya', 'see you', 'bye bye', 'See you later', 'Goodbye', 'I am Leaving', 'Bye', 'Have a Good day', 'talk to you later', 'ttyl', 'i got to go', 'gtg']","Thank you for connecting with Amrita Vishwa Vidyapeetham. We're here whenever you need more information. Have a great day!"
hours,"['timing of college', 'what is college timing', 'working days', 'when are you guys open', 'what are your hours', 'hours of operation', 'when is the college open', 'college timing', 'is college open on saturday', 'tell me about college timing']","Amrita Vishwa Vidyapeetham's operational hours are from 9:00 AM to 5:00 PM, with regular working days from Monday to Friday. The institution also functions on second and fourth Saturdays of each month."
number,"['3','more info', 'contact info', 'how to contact college', 'college telephone number', 'college number', 'Contact number?', 'how can i contact you', 'Can i get your phone number', 'phone number', 'call']","You can contact at: 8870373288."
course,"['1','list of courses', 'list of courses offered', 'what are the courses offered', 'courses?', 'branches?', 'courses you offer', 'AI/ML', 'Mechanical engineering', 'Chemical engineering']","Amrita offers 250+ programs including: Engineering (B.Tech/B.E), Medical Sciences (MBBS, BDS), Management Studies (BBA, MBA), Science Programs (B.Sc, M.Sc), Arts & Humanities, Research Programs (Ph.D). For detailed course information, please specify your area of interest. visit: https://www.amrita.edu."
fees,"['2','information about fee', 'college fee', 'fee per semester', 'how much is the fees', 'hostel fees', 'fees for AC room']","For detailed information about program-wise fees at all nine campuses, visit: https://www.amrita.edu/admissions/."
location,"['where is the college located', 'college address', 'how to reach college']","Amrita Vishwa Vidyapeetham has nine campuses across India. To find the exact location and directions to your preferred campus, click: https://www.amrita.edu/about."
hostel,"['hostel facility', 'hostel fees', 'Does college provide hostel', 'hostel college distance']","Amrita Vishwa Vidyapeetham provides comfortable and secure hostel facilities. For comprehensive details about hostels, visit: https://www.amrita.edu/school/engineering/chennai/hostel-details/."
event,"['events organised', 'list of events', 'What events are conducted in college', 'functions']","Stay updated with the latest academic events, cultural festivals, and workshops. Visit: https://www.amrita.edu/events."
